,gap_id,is_fixed,percent_identity,query_start,query_end,query_length,query_alignment_length,target_start,target_end,target_length,target_alignment_length,total_bases_compared,mismatches,matches,total_length
0,7281993_379-1447,1,0.9815,604.0,550.0,750,54,46.0,100.0,100,54,54,1,53,54
1,7384969_12219-13277,1,1.0,623.0,522.0,750,101,0.0,100.0,100,100,100,0,100,101
2,7381106_6862-7882,1,1.0,662.0,562.0,750,100,0.0,100.0,100,100,100,0,100,100
3,7281310_5428-6449,1,1.0,740.0,640.0,750,100,0.0,100.0,100,100,100,0,100,100
4,7406941_4180-5320,1,0.9787,454.0,360.0,750,94,4.0,100.0,100,96,94,2,92,96
5,7456676_1705-2871,1,0.0,,,0,0,,,0,0,0,0,0,0
6,7325484_412-1532,1,0.8889,669.0,623.0,750,46,54.0,99.0,100,45,45,5,40,46
7,7239103_8011-9061,1,0.8889,549.0,449.0,750,100,0.0,100.0,100,100,99,11,88,101
8,7260937_2945-4093,1,0.9895999999999999,750.0,654.0,750,96,3.0,100.0,100,97,96,1,95,97
9,7469502_7937-8971,1,0.7447,749.0,702.0,750,47,25.0,75.0,100,50,47,12,35,50
10,7489451_1056-2158,1,0.7368000000000001,390.0,352.0,750,38,60.0,98.0,100,38,38,10,28,38
11,7463933_2430-3517,1,0.0,,,0,0,,,0,0,0,0,0,0
12,7375988_3375-4646,1,0.0,,,0,0,,,0,0,0,0,0,0
13,7402608_2946-4000,1,0.99,641.0,541.0,750,100,0.0,100.0,100,100,100,1,99,100
14,7395781_7624-8678,1,0.9523999999999999,667.0,625.0,750,42,58.0,100.0,100,42,42,2,40,42
15,7462276_30232-31257,1,1.0,681.0,581.0,750,100,0.0,100.0,100,100,100,0,100,100
16,7246725_6866-8044,1,0.0,,,0,0,,,0,0,0,0,0,0
17,7467898_5378-6409,1,0.99,651.0,551.0,750,100,0.0,100.0,100,100,100,1,99,100
18,7460332_2635-3658,1,1.0,601.0,501.0,750,100,0.0,100.0,100,100,100,0,100,100
19,7334773_336-1379,1,1.0,661.0,561.0,750,100,0.0,100.0,100,100,100,0,100,100
20,7455115_16013-17108,1,0.7927,521.0,428.0,750,93,10.0,99.0,100,89,82,17,65,100
21,7403155_7696-8802,1,0.9697,644.0,545.0,750,99,0.0,99.0,100,99,99,3,96,99
22,7372962_17022-18097,1,0.98,711.0,611.0,750,100,0.0,100.0,100,100,100,2,98,100
23,7241968_7740-8891,1,0.9293,704.0,605.0,750,99,0.0,100.0,100,100,99,7,92,100
24,7421481_2172-3192,1,0.7778,582.0,519.0,750,63,37.0,100.0,100,63,63,14,49,63
25,7499763_723-1774,1,0.9798,680.0,581.0,750,99,0.0,100.0,100,100,99,2,97,100
26,7252800_1558-2628,1,0.91,416.0,313.0,750,103,0.0,100.0,100,100,100,9,91,103
27,7245900_80470-81509,1,0.99,649.0,549.0,750,100,0.0,100.0,100,100,100,1,99,100
28,7381292_1224-2295,1,0.9268000000000001,418.0,377.0,750,41,57.0,100.0,100,43,41,3,38,43
29,7483485_35336-36413,1,0.0,,,0,0,,,0,0,0,0,0,0
30,7384983_6838-7924,1,0.9298000000000001,661.0,604.0,750,57,43.0,100.0,100,57,57,4,53,57
31,7322183_1135-2221,1,1.0,588.0,488.0,750,100,0.0,100.0,100,100,100,0,100,100
32,7331585_9764-10799,1,0.9394,629.0,530.0,750,99,0.0,100.0,100,100,99,6,93,100
33,7288829_27685-28836,1,1.0,750.0,651.0,750,99,1.0,100.0,100,99,99,0,99,99
34,7444753_11978-13093,1,0.0,,,0,0,,,0,0,0,0,0,0
35,7270322_436-1461,1,0.89,618.0,517.0,750,101,0.0,100.0,100,100,100,11,89,101
36,7440484_4914-5991,1,0.74,637.0,587.0,750,50,50.0,100.0,100,50,50,13,37,50
37,7397061_1295-2390,1,0.7037,674.0,590.0,750,84,17.0,100.0,100,83,81,24,57,86
38,7293055_3703-4758,1,1.0,746.0,646.0,750,100,0.0,100.0,100,100,100,0,100,100
39,7363858_3390-4493,1,0.9459000000000001,598.0,561.0,750,37,60.0,100.0,100,40,37,2,35,40
40,7371519_11874-12975,1,1.0,722.0,622.0,750,100,0.0,100.0,100,100,100,0,100,100
41,7289212_765-1960,1,0.94,741.0,641.0,750,100,0.0,100.0,100,100,100,6,94,100
42,7457179_1660-2705,1,0.95,653.0,551.0,750,102,0.0,100.0,100,100,100,5,95,102
43,7391926_14173-15212,1,0.8902,591.0,504.0,750,87,14.0,100.0,100,86,82,9,73,91
44,7441448_3936-5111,1,0.75,750.0,657.0,750,93,11.0,100.0,100,89,88,22,66,94
45,7426618_9242-10340,1,1.0,689.0,590.0,750,99,0.0,99.0,100,99,99,0,99,99
46,7271182_8467-9491,1,1.0,657.0,554.0,750,103,0.0,100.0,100,100,100,0,100,103
47,7501737_51953-52977,1,0.9573999999999999,498.0,545.0,750,47,53.0,100.0,100,47,47,2,45,47
48,7455687_18102-19132,1,0.9688,650.0,554.0,750,96,3.0,100.0,100,97,96,3,93,97
49,7299136_23707-24754,1,1.0,643.0,543.0,750,100,0.0,100.0,100,100,100,0,100,100
50,7454884_35735-36802,1,1.0,642.0,564.0,750,78,22.0,100.0,100,78,78,0,78,78
51,7492172_6098-7217,1,0.0,,,0,0,,,0,0,0,0,0,0
52,7464407_13269-14396,1,0.98,728.0,628.0,750,100,0.0,100.0,100,100,100,2,98,100
53,7265687_6579-7607,1,0.8043,739.0,647.0,750,92,0.0,100.0,100,100,92,18,74,100
54,7278244_1985-3009,1,1.0,688.0,581.0,750,107,0.0,100.0,100,100,100,0,100,107
55,7430170_22434-23459,1,0.7115,531.0,479.0,750,52,0.0,52.0,100,52,52,15,37,52
56,7426243_1606-2734,1,0.0,,,0,0,,,0,0,0,0,0,0
57,7445260_306-1360,1,0.6315999999999999,750.0,674.0,750,76,24.0,100.0,100,76,76,28,48,76
58,7500244_1857-2935,1,0.98,656.0,556.0,750,100,0.0,100.0,100,100,100,2,98,100
59,7492952_10678-11721,1,0.0,,,0,0,,,0,0,0,0,0,0
60,7270242_2584-3730,1,0.7065,730.0,631.0,750,99,8.0,100.0,100,92,92,27,65,99
61,7440652_8803-9842,1,0.99,653.0,553.0,750,100,0.0,100.0,100,100,100,1,99,100
62,7378778_2377-3430,1,1.0,675.0,573.0,750,102,0.0,100.0,100,100,100,0,100,102
63,7378226_8094-9129,1,0.99,632.0,532.0,750,100,0.0,100.0,100,100,100,1,99,100
64,7418288_1581-2764,1,0.8878,699.0,601.0,750,98,0.0,100.0,100,100,98,11,87,100
65,7496869_1555-2605,1,1.0,604.0,504.0,750,100,0.0,100.0,100,100,100,0,100,100
66,7502552_2517-3585,1,0.9239,742.0,650.0,750,92,5.0,100.0,100,95,92,7,85,95
67,7464649_16335-17395,1,0.9242,639.0,566.0,750,73,32.0,100.0,100,68,66,5,61,75
68,7410353_9932-11032,1,0.8103,659.0,599.0,750,60,42.0,100.0,100,58,58,11,47,60
69,7314607_9670-10804,1,0.0,,,0,0,,,0,0,0,0,0,0
70,7372870_5227-6320,1,0.0,,,0,0,,,0,0,0,0,0,0
71,7457525_2838-3926,1,0.8143,642.0,569.0,750,73,23.0,100.0,100,77,70,13,57,80
72,7502863_17318-18417,1,0.8787999999999999,609.0,543.0,750,66,31.0,100.0,100,69,66,8,58,69
73,7478972_890-1940,1,0.93,341.0,240.0,750,101,0.0,100.0,100,100,100,7,93,101
74,7272690_5655-6905,1,0.0,,,0,0,,,0,0,0,0,0,0
75,7412115_1931-3076,1,0.9375,718.0,622.0,750,96,3.0,100.0,100,97,96,6,90,97
76,7482770_6950-8107,1,0.9659,684.0,594.0,750,90,12.0,100.0,100,88,88,3,85,90
77,7457434_6819-7980,1,0.7959,581.0,452.0,750,129,0.0,99.0,100,99,98,20,78,130
78,7398040_3676-4756,1,0.9487000000000001,596.0,557.0,750,39,61.0,100.0,100,39,39,2,37,39
79,7443102_2974-4038,1,0.9412,636.0,602.0,750,34,66.0,100.0,100,34,34,2,32,34
80,7319635_538-1564,1,0.9425,613.0,526.0,750,87,0.0,92.0,100,92,87,5,82,92
81,7501639_3566-4665,1,0.98,537.0,437.0,750,100,0.0,100.0,100,100,100,2,98,100
82,7297804_1061-2114,1,1.0,645.0,545.0,750,100,0.0,100.0,100,100,100,0,100,100
83,7385266_16471-17536,1,0.8125,633.0,582.0,750,51,0.0,51.0,100,51,48,9,39,54
84,7490641_1233-2283,1,1.0,601.0,501.0,750,100,0.0,100.0,100,100,100,0,100,100
85,7429517_3357-4529,1,0.99,701.0,601.0,750,100,0.0,100.0,100,100,100,1,99,100
86,7452344_7925-9089,1,0.8332999999999999,691.0,642.0,750,49,46.0,100.0,100,54,48,8,40,55
87,7468485_3809-4850,1,0.98,649.0,549.0,750,100,0.0,100.0,100,100,100,2,98,100
88,7460105_18180-19228,1,0.7467,527.0,452.0,750,75,25.0,100.0,100,75,75,19,56,75
89,7472206_6197-7280,1,0.8261,583.0,535.0,750,48,54.0,100.0,100,46,46,8,38,48
90,7506732_1766-2861,1,0.99,641.0,536.0,750,105,0.0,100.0,100,100,100,1,99,105
91,7455736_7292-8348,1,1.0,620.0,520.0,750,100,0.0,100.0,100,100,100,0,100,100
92,7489969_16395-17459,1,0.9898,629.0,531.0,750,98,0.0,98.0,100,98,98,1,97,98
93,7498541_6246-7296,1,1.0,567.0,467.0,750,100,0.0,100.0,100,100,100,0,100,100
94,7329671_6878-7997,1,0.9697,663.0,563.0,750,100,0.0,100.0,100,100,99,3,96,101
95,7378508_9578-10628,1,1.0,722.0,742.0,750,20,80.0,100.0,100,20,20,0,20,20
96,7249553_2716-3766,1,0.8611,636.0,564.0,750,72,26.0,99.0,100,73,72,10,62,73
97,7445102_1669-2705,1,0.93,612.0,512.0,750,100,0.0,100.0,100,100,100,7,93,100
98,7500744_5592-6720,1,0.7143,635.0,564.0,750,71,1.0,72.0,100,71,70,20,50,72
99,7431925_5128-6159,1,0.0,,,0,0,,,0,0,0,0,0,0
100,7405974_8053-9133,1,0.9899,712.0,613.0,750,99,0.0,100.0,100,100,99,1,98,100
101,7395888_9757-10778,1,0.0,,,0,0,,,0,0,0,0,0,0
102,7362435_6115-7141,1,0.8367,579.0,530.0,750,49,51.0,100.0,100,49,49,8,41,49
103,7415044_7738-8837,1,0.0,,,0,0,,,0,0,0,0,0,0
104,7438531_14305-15343,1,1.0,601.0,501.0,750,100,0.0,100.0,100,100,100,0,100,100
105,7499799_1092-2192,1,0.0,,,0,0,,,0,0,0,0,0,0
106,7332511_194-1216,1,1.0,633.0,533.0,750,100,0.0,100.0,100,100,100,0,100,100
107,7473445_11675-12748,1,0.8625,641.0,561.0,750,80,18.0,100.0,100,82,80,11,69,82
108,7281131_1532-2747,1,0.94,721.0,621.0,750,100,0.0,100.0,100,100,100,6,94,100
109,7457843_6299-7476,1,1.0,708.0,608.0,750,100,0.0,100.0,100,100,100,0,100,100
110,7455535_15648-16679,1,0.8969,418.0,321.0,750,97,2.0,100.0,100,98,97,10,87,98
111,7246521_6797-7886,1,1.0,675.0,575.0,750,100,0.0,100.0,100,100,100,0,100,100
112,7427353_663-1824,1,0.0,,,0,0,,,0,0,0,0,0,0
113,7366366_1535-2637,1,0.95,719.0,619.0,750,100,0.0,100.0,100,100,100,5,95,100
114,7501624_326-1402,1,0.9444,690.0,600.0,750,90,0.0,90.0,100,90,90,5,85,90
115,7498737_23657-24699,1,0.7158,622.0,725.0,750,103,0.0,100.0,100,100,95,27,68,108
116,7485588_3281-4447,1,0.9255,533.0,433.0,750,100,1.0,100.0,100,99,94,7,87,105
117,7439859_2449-3480,1,0.9795999999999999,642.0,543.0,750,99,0.0,100.0,100,100,98,2,96,101
118,7497181_8854-9890,1,0.8049,717.0,635.0,750,82,1.0,94.0,100,93,82,16,66,93
119,7467759_6342-7397,1,0.0,,,0,0,,,0,0,0,0,0,0
120,7463534_85641-86720,1,0.8906000000000001,719.0,651.0,750,68,0.0,69.0,100,69,64,7,57,73
121,7506663_1195-2251,1,0.99,640.0,540.0,750,100,0.0,100.0,100,100,100,1,99,100
122,7504019_61908-62969,1,0.9048,742.0,677.0,750,65,37.0,100.0,100,63,63,6,57,65
123,7478125_6310-7375,1,0.9270999999999999,663.0,564.0,750,99,1.0,100.0,100,99,96,7,89,102
124,7388980_19023-20119,1,0.8409,500.0,456.0,750,44,40.0,87.0,100,47,44,7,37,47
125,7407406_10618-11654,1,1.0,597.0,531.0,750,66,34.0,100.0,100,66,66,0,66,66
126,7256058_12960-13997,1,0.9798,706.0,607.0,750,99,1.0,100.0,100,99,99,2,97,99
127,7456503_4951-6104,1,0.97,600.0,500.0,750,100,0.0,100.0,100,100,100,3,97,100
128,7374061_18239-19335,1,0.7,467.0,527.0,750,60,35.0,98.0,100,63,60,18,42,63
129,7374860_21123-22205,1,0.0,,,0,0,,,0,0,0,0,0,0
130,7458874_485-1547,1,1.0,684.0,584.0,750,100,0.0,100.0,100,100,100,0,100,100
131,7462662_14864-15927,1,0.8539,512.0,422.0,750,90,0.0,96.0,100,96,89,13,76,97
132,7297056_4054-5102,1,0.7826000000000001,499.0,428.0,750,71,31.0,100.0,100,69,69,15,54,71
133,7464068_3425-4450,1,0.8,627.0,546.0,750,81,25.0,100.0,100,75,75,15,60,81
134,7495036_20649-21699,1,0.866,671.0,574.0,750,97,1.0,100.0,100,99,97,13,84,99
135,7500386_16017-17070,1,1.0,655.0,555.0,750,100,0.0,100.0,100,100,100,0,100,100
136,7465438_2337-3426,1,1.0,652.0,552.0,750,100,0.0,100.0,100,100,100,0,100,100
137,7325395_10992-12062,1,1.0,666.0,566.0,750,100,0.0,100.0,100,100,100,0,100,100
138,7494608_4438-5488,1,0.97,625.0,525.0,750,100,0.0,100.0,100,100,100,3,97,100
139,7495563_2573-3611,1,0.98,600.0,500.0,750,100,0.0,100.0,100,100,100,2,98,100
140,7431317_1559-2662,1,0.9762000000000001,708.0,750.0,750,42,0.0,43.0,100,43,42,1,41,43
141,7457436_1032-2121,1,0.8675,659.0,575.0,750,84,0.0,83.0,100,83,83,11,72,84
142,7334620_1097-2148,1,0.8384,386.0,285.0,750,101,1.0,100.0,100,99,99,16,83,101
143,7479341_20390-21486,1,0.99,550.0,450.0,750,100,0.0,100.0,100,100,100,1,99,100
144,7394044_18262-19329,1,0.8234999999999999,230.0,300.0,750,70,6.0,74.0,100,68,68,12,56,70
145,7421157_9324-10352,1,0.0,,,0,0,,,0,0,0,0,0,0
146,7470411_11988-13075,1,0.9795999999999999,698.0,599.0,750,99,0.0,98.0,100,98,98,2,96,99
147,7434450_7422-8560,1,0.9048,727.0,643.0,750,84,15.0,99.0,100,84,84,8,76,84
148,7382877_10204-11259,1,1.0,645.0,545.0,750,100,0.0,100.0,100,100,100,0,100,100
149,7432589_3563-4649,1,0.9697,709.0,609.0,750,100,0.0,100.0,100,100,99,3,96,101
150,7388401_4784-5923,1,0.7885,545.0,489.0,750,56,47.0,99.0,100,52,52,11,41,56
151,7500954_3431-4535,1,1.0,604.0,574.0,750,30,70.0,100.0,100,30,30,0,30,30
152,7505817_2919-3969,1,1.0,624.0,524.0,750,100,0.0,100.0,100,100,100,0,100,100
153,7432991_5684-6743,1,0.0,,,0,0,,,0,0,0,0,0,0
154,7437592_21453-22514,1,0.8667,597.0,516.0,750,81,24.0,100.0,100,76,75,10,65,82
155,7473370_10445-11471,1,1.0,650.0,550.0,750,100,0.0,100.0,100,100,100,0,100,100
156,7380691_15288-16333,1,0.75,503.0,404.0,750,99,12.0,100.0,100,88,88,22,66,99
157,7390764_7244-8377,1,1.0,750.0,655.0,750,95,5.0,100.0,100,95,95,0,95,95
158,7504741_16270-17349,1,0.0,,,0,0,,,0,0,0,0,0,0
159,7271144_2778-3876,1,1.0,723.0,624.0,750,99,0.0,99.0,100,99,96,0,96,102
160,7491543_14355-15405,1,0.98,635.0,535.0,750,100,0.0,100.0,100,100,100,2,98,100
161,7478625_10236-11484,1,0.0,,,0,0,,,0,0,0,0,0,0
162,7282729_1308-2467,1,0.0,,,0,0,,,0,0,0,0,0,0
163,7417938_2840-3919,1,0.9798,749.0,649.0,750,100,1.0,100.0,100,99,99,2,97,100
164,7498703_8336-9447,1,0.7432,566.0,645.0,750,79,10.0,85.0,100,75,74,19,55,80
165,7344761_109-1157,1,0.8772,591.0,534.0,750,57,43.0,100.0,100,57,57,7,50,57
166,7503444_27108-28200,1,1.0,702.0,602.0,750,100,0.0,100.0,100,100,100,0,100,100
167,7331562_4436-5477,1,0.9398000000000001,588.0,505.0,750,83,16.0,100.0,100,84,83,5,78,84
168,7320575_321-1415,1,0.9899,678.0,579.0,750,99,0.0,99.0,100,99,99,1,98,99
169,7480692_809-1859,1,0.87,485.0,382.0,750,103,0.0,100.0,100,100,100,13,87,103
170,7256201_26328-27499,1,0.0,,,0,0,,,0,0,0,0,0,0
171,7259501_8475-9575,1,1.0,714.0,614.0,750,100,0.0,100.0,100,100,100,0,100,100
172,7458440_3627-4795,1,0.8387,741.0,648.0,750,93,0.0,95.0,100,95,93,15,78,95
173,7327979_903-1955,1,0.97,658.0,558.0,750,100,0.0,100.0,100,100,100,3,97,100
174,7475027_7031-8112,1,0.9895999999999999,723.0,627.0,750,96,4.0,100.0,100,96,96,1,95,96
175,7497185_8626-9670,1,0.91,728.0,628.0,750,100,0.0,100.0,100,100,100,9,91,100
176,7446463_3887-4953,1,0.7629,600.0,697.0,750,97,1.0,98.0,100,97,97,23,74,97
177,7475042_690-1717,1,0.6593000000000001,624.0,530.0,750,94,4.0,99.0,100,95,91,31,60,98
178,7367994_6197-7330,1,0.9767,740.0,654.0,750,86,14.0,100.0,100,86,86,2,84,86
179,7397279_7223-8268,1,0.9899,672.0,573.0,750,99,0.0,99.0,100,99,99,1,98,99
180,7494363_33816-34862,1,0.8131999999999999,601.0,504.0,750,97,9.0,100.0,100,91,91,17,74,97
181,7490653_7296-8408,1,0.88,601.0,500.0,750,101,0.0,100.0,100,100,100,12,88,101
182,7471152_3579-4643,1,0.9,562.0,462.0,750,100,0.0,100.0,100,100,100,10,90,100
183,7503013_38786-39830,1,0.9286,660.0,576.0,750,84,0.0,100.0,100,100,84,6,78,100
184,7389518_1818-2932,1,0.0,,,0,0,,,0,0,0,0,0,0
185,7331068_85-1152,1,1.0,654.0,554.0,750,100,0.0,100.0,100,100,100,0,100,100
186,7416417_4994-6103,1,1.0,679.0,579.0,750,100,0.0,100.0,100,100,100,0,100,100
187,7432142_696-1748,1,1.0,612.0,512.0,750,100,0.0,100.0,100,100,100,0,100,100
188,7330429_196-1222,1,1.0,682.0,582.0,750,100,0.0,100.0,100,100,100,0,100,100
189,7493375_1488-2578,1,0.98,726.0,626.0,750,100,0.0,100.0,100,100,100,2,98,100
190,7472117_71271-72360,1,0.8305,630.0,571.0,750,59,41.0,100.0,100,59,59,10,49,59
191,7308103_1117-2142,1,0.6964,543.0,486.0,750,57,40.0,97.0,100,57,56,17,39,58
192,7473263_4934-6078,1,0.9268000000000001,749.0,667.0,750,82,15.0,100.0,100,85,82,6,76,85
193,7424138_9435-10498,1,0.0,,,0,0,,,0,0,0,0,0,0
194,7322430_1879-2977,1,1.0,662.0,560.0,750,102,0.0,100.0,100,100,100,0,100,102
195,7330739_1573-2651,1,0.8556999999999999,120.0,217.0,750,97,3.0,100.0,100,97,97,14,83,97
196,7277729_1565-2752,1,0.0,,,0,0,,,0,0,0,0,0,0
197,7459873_12927-13966,1,0.95,578.0,538.0,750,40,60.0,100.0,100,40,40,2,38,40
198,7300381_1219-2305,1,1.0,667.0,563.0,750,104,0.0,100.0,100,100,100,0,100,104
199,7387312_5002-6024,1,0.9318000000000001,675.0,587.0,750,88,0.0,91.0,100,91,88,6,82,91
200,7263715_3007-4032,1,0.9688,468.0,372.0,750,96,0.0,100.0,100,100,96,3,93,100
201,7473183_18665-19716,1,0.8511,651.0,549.0,750,102,0.0,100.0,100,100,94,14,80,108
202,7303292_1681-2710,1,0.8687,418.0,319.0,750,99,0.0,100.0,100,100,99,13,86,100
203,7479794_912-1962,1,0.8878,267.0,169.0,750,98,1.0,99.0,100,98,98,11,87,98
204,7458857_3243-4337,1,0.8022,633.0,536.0,750,97,1.0,93.0,100,92,91,18,73,98
205,7352240_19-1065,1,0.9582999999999999,706.0,606.0,750,100,2.0,98.0,100,96,96,4,92,100
206,7334702_1454-2499,1,0.0,,,0,0,,,0,0,0,0,0,0
207,7502417_15605-16656,1,0.8312999999999999,653.0,556.0,750,97,16.0,100.0,100,84,83,14,69,98
208,7505853_1436-2486,1,1.0,677.0,577.0,750,100,0.0,100.0,100,100,100,0,100,100
209,7404195_35893-36990,1,0.9278,659.0,561.0,750,98,0.0,98.0,100,98,97,7,90,99
210,7454342_2790-3933,1,0.7802,20.0,123.0,750,103,0.0,95.0,100,95,91,20,71,107
211,7471838_1079-2120,1,0.9028,631.0,559.0,750,72,24.0,100.0,100,76,72,7,65,76
212,7411337_2164-3342,1,0.99,731.0,631.0,750,100,0.0,100.0,100,100,100,1,99,100
213,7467661_1408-2495,1,0.6934999999999999,554.0,618.0,750,64,38.0,100.0,100,62,62,19,43,64
214,7322212_293-1389,1,0.99,722.0,622.0,750,100,0.0,100.0,100,100,100,1,99,100
215,7306939_12253-13295,1,0.0,,,0,0,,,0,0,0,0,0,0
216,7280638_4017-5064,1,0.0,,,0,0,,,0,0,0,0,0,0
217,7496549_3639-4690,1,0.99,615.0,515.0,750,100,0.0,100.0,100,100,100,1,99,100
218,7284918_1268-2288,1,0.7802,631.0,540.0,750,91,0.0,91.0,100,91,91,20,71,91
219,7494662_1432-2482,1,0.7143,674.0,584.0,750,90,0.0,87.0,100,87,84,24,60,93
220,7423573_47830-48958,1,0.7887000000000001,541.0,466.0,750,75,20.0,93.0,100,73,71,15,56,77
221,7495838_32099-33129,1,0.7164,494.0,427.0,750,67,31.0,98.0,100,67,67,19,48,67
222,7488522_8418-9457,1,0.6792,605.0,551.0,750,54,47.0,100.0,100,53,53,17,36,54
223,7445214_9524-10661,1,0.883,546.0,452.0,750,94,5.0,100.0,100,95,94,11,83,95
224,7320180_665-1849,1,0.8902,750.0,668.0,750,82,18.0,100.0,100,82,82,9,73,82
225,7255680_1757-2844,1,1.0,740.0,640.0,750,100,0.0,100.0,100,100,100,0,100,100
226,7462621_2070-3192,1,0.7955,380.0,292.0,750,88,5.0,100.0,100,95,88,18,70,95
227,7268698_1395-2478,1,0.8095,441.0,510.0,750,69,36.0,99.0,100,63,63,12,51,69
228,7313331_438-1496,1,0.6889,281.0,375.0,750,94,2.0,94.0,100,92,90,28,62,96
229,7273951_26115-27173,1,1.0,664.0,564.0,750,100,0.0,100.0,100,100,100,0,100,100
230,7465074_25240-26281,1,1.0,696.0,596.0,750,100,0.0,100.0,100,100,100,0,100,100
231,7380406_8896-10094,1,0.0,,,0,0,,,0,0,0,0,0,0
232,7421136_8893-9932,1,1.0,636.0,536.0,750,100,0.0,100.0,100,100,100,0,100,100
233,7467287_9541-10572,1,0.0,,,0,0,,,0,0,0,0,0,0
234,7347749_111-1145,1,0.7347,295.0,195.0,750,100,0.0,99.0,100,99,98,26,72,101
235,7337550_127-1231,1,0.9444,602.0,548.0,750,54,1.0,55.0,100,54,54,3,51,54
236,7474890_1751-2772,1,0.0,,,0,0,,,0,0,0,0,0,0
237,7403917_5551-6575,1,1.0,580.0,533.0,750,47,53.0,100.0,100,47,47,0,47,47
238,7385542_19650-20719,1,0.6962,507.0,421.0,750,86,1.0,82.0,100,81,79,24,55,88
239,7483742_11041-12185,1,0.95,748.0,648.0,750,100,0.0,100.0,100,100,100,5,95,100
240,7261063_443-1538,1,1.0,673.0,573.0,750,100,0.0,100.0,100,100,100,0,100,100
241,7289146_13281-14366,1,0.0,,,0,0,,,0,0,0,0,0,0
242,7360275_144-1188,1,1.0,601.0,501.0,750,100,0.0,100.0,100,100,100,0,100,100
243,7436843_2802-3940,1,0.96,743.0,643.0,750,100,0.0,100.0,100,100,100,4,96,100
244,7349270_8145-9174,1,0.98,628.0,528.0,750,100,0.0,100.0,100,100,100,2,98,100
245,7438566_32562-33600,1,0.99,667.0,567.0,750,100,0.0,100.0,100,100,100,1,99,100
246,7375487_3968-5038,1,0.8736,591.0,504.0,750,87,8.0,100.0,100,92,87,11,76,92
247,7477151_10830-11913,1,0.0,,,0,0,,,0,0,0,0,0,0
248,7493307_69613-70679,1,1.0,667.0,567.0,750,100,0.0,100.0,100,100,100,0,100,100
249,7385382_6910-8090,1,0.8229000000000001,741.0,644.0,750,97,0.0,100.0,100,100,96,17,79,101
250,7491659_387-1450,1,0.7585999999999999,623.0,562.0,750,61,42.0,100.0,100,58,58,14,44,61
251,7488537_8902-9952,1,1.0,627.0,527.0,750,100,0.0,100.0,100,100,100,0,100,100
252,7349100_4934-5988,1,0.99,648.0,548.0,750,100,0.0,100.0,100,100,100,1,99,100
253,7468986_16148-17245,1,1.0,537.0,478.0,750,59,43.0,100.0,100,57,57,0,57,59
254,7347433_248-1322,1,0.99,661.0,561.0,750,100,0.0,100.0,100,100,100,1,99,100
255,7384195_3923-4967,1,1.0,637.0,537.0,750,100,0.0,100.0,100,100,100,0,100,100
256,7460313_2918-3969,1,0.7978000000000001,498.0,406.0,750,92,5.0,94.0,100,89,89,18,71,92
257,7479123_6644-7694,1,1.0,744.0,644.0,750,100,0.0,100.0,100,100,100,0,100,100
258,7375100_12675-13745,1,1.0,653.0,553.0,750,100,0.0,100.0,100,100,100,0,100,100
259,7503998_11855-12912,1,0.0,,,0,0,,,0,0,0,0,0,0
260,7486609_11156-12231,1,0.899,606.0,507.0,750,99,0.0,99.0,100,99,99,10,89,99
261,7504658_13648-14735,1,1.0,648.0,548.0,750,100,0.0,100.0,100,100,100,0,100,100
262,7480880_13298-14323,1,0.6322,256.0,166.0,750,90,10.0,99.0,100,89,87,32,55,92
263,7422814_1199-2232,1,0.98,642.0,542.0,750,100,0.0,100.0,100,100,100,2,98,100
264,7399777_2309-3368,1,0.8974,653.0,572.0,750,81,19.0,100.0,100,81,78,8,70,84
265,7316917_907-1931,1,0.94,620.0,519.0,750,101,0.0,100.0,100,100,100,6,94,101
266,7406384_19103-20218,1,0.0,,,0,0,,,0,0,0,0,0,0
267,7358253_2411-3464,1,0.0,,,0,0,,,0,0,0,0,0,0
268,7433008_5551-6611,1,1.0,622.0,522.0,750,100,0.0,100.0,100,100,100,0,100,100
269,7262549_22096-23117,1,0.99,631.0,531.0,750,100,0.0,100.0,100,100,100,1,99,100
270,7403455_5681-6797,1,0.97,659.0,559.0,750,100,0.0,100.0,100,100,100,3,97,100
271,7505436_45216-46298,1,0.7069,503.0,442.0,750,61,35.0,93.0,100,58,58,17,41,61
272,7395003_22405-23458,1,0.93,668.0,568.0,750,100,0.0,100.0,100,100,100,7,93,100
273,7383841_2056-3154,1,1.0,572.0,549.0,750,23,77.0,100.0,100,23,23,0,23,23
274,7310485_1078-2109,1,0.0,,,0,0,,,0,0,0,0,0,0
275,7397859_3753-4780,1,0.9588,526.0,429.0,750,97,0.0,100.0,100,100,97,4,93,100
276,7483741_8066-9091,1,1.0,653.0,553.0,750,100,0.0,100.0,100,100,100,0,100,100
277,7454879_4332-5421,1,1.0,701.0,601.0,750,100,0.0,100.0,100,100,100,0,100,100
278,7418051_9974-11068,1,0.9259000000000001,750.0,723.0,750,27,73.0,100.0,100,27,27,2,25,27
279,7495379_19678-20771,1,1.0,657.0,557.0,750,100,0.0,100.0,100,100,100,0,100,100
280,7290822_2944-4073,1,0.9595999999999999,736.0,637.0,750,99,0.0,100.0,100,100,99,4,95,100
281,7466749_5300-6473,1,0.0,,,0,0,,,0,0,0,0,0,0
282,7505835_7611-8661,1,1.0,628.0,528.0,750,100,0.0,100.0,100,100,100,0,100,100
283,7453290_16553-17581,1,1.0,623.0,523.0,750,100,0.0,100.0,100,100,100,0,100,100
284,7416654_10701-11746,1,1.0,651.0,551.0,750,100,0.0,100.0,100,100,100,0,100,100
285,7495495_7698-8748,1,0.9487000000000001,559.0,520.0,750,39,61.0,100.0,100,39,39,2,37,39
286,7335249_5350-6444,1,0.7912,739.0,645.0,750,94,2.0,98.0,100,96,91,19,72,99
287,7472818_16471-17526,1,0.0,,,0,0,,,0,0,0,0,0,0
288,7363751_10348-11425,1,0.8154,638.0,567.0,750,71,34.0,100.0,100,66,65,12,53,72
289,7467860_3589-4742,1,1.0,655.0,555.0,750,100,0.0,100.0,100,100,100,0,100,100
290,7459775_5647-6731,1,0.7938,566.0,469.0,750,97,0.0,97.0,100,97,97,20,77,97
291,7464651_18760-19821,1,0.98,630.0,530.0,750,100,0.0,100.0,100,100,100,2,98,100
292,7418196_623-1668,1,0.9899,618.0,519.0,750,99,1.0,100.0,100,99,99,1,98,99
293,7452524_4358-5502,1,0.6977,511.0,425.0,750,86,7.0,98.0,100,91,86,26,60,91
294,7480836_3801-4865,1,0.9898,644.0,545.0,750,99,0.0,98.0,100,98,98,1,97,99
295,7274287_3282-4360,1,0.98,642.0,542.0,750,100,0.0,100.0,100,100,100,2,98,100
296,7491190_18450-19485,1,0.8889,650.0,551.0,750,99,0.0,99.0,100,99,99,11,88,99
297,7503089_5721-6741,1,1.0,642.0,544.0,750,98,0.0,100.0,100,100,98,0,98,100
298,7482262_23046-24081,1,1.0,671.0,571.0,750,100,0.0,100.0,100,100,100,0,100,100
299,7486080_19117-20187,1,1.0,630.0,530.0,750,100,0.0,100.0,100,100,100,0,100,100
300,7493884_37587-38666,1,0.9031999999999999,639.0,574.0,750,65,35.0,100.0,100,65,62,6,56,68
301,7442787_3584-4614,1,1.0,660.0,560.0,750,100,0.0,100.0,100,100,100,0,100,100
302,7507003_4560-5602,1,1.0,686.0,586.0,750,100,0.0,100.0,100,100,100,0,100,100
303,7494074_14748-15798,1,1.0,645.0,546.0,750,99,0.0,100.0,100,100,99,0,99,100
304,7465461_4286-5351,1,0.8523000000000001,656.0,568.0,750,88,0.0,88.0,100,88,88,13,75,88
305,7493132_11110-12191,1,0.95,721.0,621.0,750,100,0.0,100.0,100,100,100,5,95,100
306,7503721_2007-3052,1,1.0,635.0,535.0,750,100,0.0,100.0,100,100,100,0,100,100
307,7257846_5460-6610,1,0.8462000000000001,657.0,600.0,750,57,48.0,100.0,100,52,52,8,44,57
308,7469088_536-1575,1,0.98,654.0,554.0,750,100,0.0,100.0,100,100,100,2,98,100
309,7407792_4407-5471,1,0.9457,371.0,275.0,750,96,6.0,98.0,100,92,92,5,87,96
310,7486158_5268-6309,1,1.0,669.0,569.0,750,100,0.0,100.0,100,100,100,0,100,100
311,7293818_7968-9045,1,0.82,553.0,453.0,750,100,0.0,100.0,100,100,100,18,82,100
312,7413092_6603-7645,1,0.7212999999999999,589.0,528.0,750,61,39.0,100.0,100,61,61,17,44,61
313,7429715_6598-7647,1,0.97,653.0,553.0,750,100,0.0,100.0,100,100,100,3,97,100
314,7268739_2741-3917,1,0.8824,529.0,478.0,750,51,46.0,100.0,100,54,51,6,45,54
315,7264941_14590-15722,1,0.8387,680.0,617.0,750,63,35.0,100.0,100,65,62,10,52,66
316,7486984_4935-6043,1,1.0,612.0,588.0,750,24,76.0,100.0,100,24,24,0,24,24
317,7384937_6298-7373,1,0.0,,,0,0,,,0,0,0,0,0,0
318,7467436_2402-3432,1,0.7925,569.0,516.0,750,53,47.0,100.0,100,53,53,11,42,53
319,7378894_9610-10703,1,1.0,648.0,547.0,750,101,0.0,100.0,100,100,100,0,100,101
320,7459502_4489-5571,1,0.99,704.0,604.0,750,100,0.0,100.0,100,100,100,1,99,100
321,7272804_5002-6033,1,1.0,711.0,611.0,750,100,0.0,100.0,100,100,100,0,100,100
322,7351617_20465-21487,1,0.0,,,0,0,,,0,0,0,0,0,0
323,7328331_149-1303,1,0.0,,,0,0,,,0,0,0,0,0,0
324,7453902_5814-6876,1,1.0,660.0,560.0,750,100,0.0,100.0,100,100,100,0,100,100
325,7448980_5821-6876,1,0.0,,,0,0,,,0,0,0,0,0,0
326,7261568_19217-20279,1,0.97,474.0,374.0,750,100,0.0,100.0,100,100,100,3,97,100
327,7258689_998-2053,1,0.0,,,0,0,,,0,0,0,0,0,0
328,7491843_15512-16545,1,1.0,716.0,616.0,750,100,0.0,100.0,100,100,100,0,100,100
329,7264569_1884-2929,1,0.9615,731.0,653.0,750,78,21.0,100.0,100,79,78,3,75,79
330,7359337_4945-6036,1,1.0,708.0,608.0,750,100,0.0,100.0,100,100,100,0,100,100
331,7488914_51693-52733,1,0.99,673.0,573.0,750,100,0.0,100.0,100,100,100,1,99,100
332,7329105_35886-36931,1,0.8125,380.0,476.0,750,96,0.0,96.0,100,96,96,18,78,96
333,7240782_23039-24102,1,0.0,,,0,0,,,0,0,0,0,0,0
334,7434441_4322-5401,1,1.0,684.0,584.0,750,100,0.0,100.0,100,100,100,0,100,100
335,7446935_7381-8500,1,1.0,675.0,581.0,750,94,0.0,100.0,100,100,94,0,94,100
336,7373021_2048-3164,1,0.9091,748.0,649.0,750,99,0.0,99.0,100,99,99,9,90,99
337,7487901_5844-6872,1,0.0,,,0,0,,,0,0,0,0,0,0
338,7459103_17510-18685,1,0.8974,608.0,568.0,750,40,60.0,100.0,100,40,39,4,35,41
339,7458559_10100-11154,1,1.0,679.0,579.0,750,100,0.0,100.0,100,100,100,0,100,100
340,7470245_2525-3559,1,0.8804000000000001,578.0,477.0,750,101,0.0,93.0,100,93,92,11,81,102
341,7418621_1027-2245,1,0.8022,418.0,320.0,750,98,9.0,100.0,100,91,91,18,73,98
342,7482341_64890-65981,1,1.0,687.0,588.0,750,99,1.0,100.0,100,99,99,0,99,99
343,7469492_8801-9841,1,1.0,617.0,517.0,750,100,0.0,100.0,100,100,100,0,100,100
344,7506951_23542-24661,1,0.8387,731.0,638.0,750,93,0.0,93.0,100,93,93,15,78,93
345,7380376_20048-21231,1,0.0,,,0,0,,,0,0,0,0,0,0
346,7497672_6847-7897,1,0.0,,,0,0,,,0,0,0,0,0,0
347,7495146_753-1819,1,0.7448999999999999,385.0,486.0,750,101,0.0,98.0,100,98,98,25,73,101
348,7505137_38998-40048,1,1.0,727.0,627.0,750,100,0.0,100.0,100,100,100,0,100,100
349,7360539_184-1310,1,0.99,555.0,455.0,750,100,0.0,100.0,100,100,100,1,99,100
350,7422345_4169-5205,1,0.7656000000000001,596.0,532.0,750,64,34.0,98.0,100,64,64,15,49,64
351,7244949_3271-4323,1,0.0,,,0,0,,,0,0,0,0,0,0
352,7475498_18737-19890,1,0.9318000000000001,590.0,679.0,750,89,3.0,100.0,100,97,88,6,82,98
353,7479504_5238-6269,1,0.0,,,0,0,,,0,0,0,0,0,0
354,7490833_8211-9232,1,1.0,630.0,529.0,750,101,0.0,100.0,100,100,100,0,100,101
355,7402574_3890-4919,1,1.0,659.0,558.0,750,101,0.0,100.0,100,100,100,0,100,101
356,7433866_12693-13800,1,0.0,,,0,0,,,0,0,0,0,0,0
357,7454733_6125-7214,1,0.9490000000000001,482.0,384.0,750,98,0.0,100.0,100,100,98,5,93,100
358,7340881_285-1398,1,0.0,,,0,0,,,0,0,0,0,0,0
359,7495730_403-1436,1,0.9388,616.0,516.0,750,100,2.0,100.0,100,98,98,6,92,100
360,7397909_8298-9321,1,0.7204,644.0,546.0,750,98,6.0,100.0,100,94,93,26,67,99
361,7458281_855-1954,1,0.0,,,0,0,,,0,0,0,0,0,0
362,7415208_13264-14408,1,1.0,691.0,591.0,750,100,0.0,100.0,100,100,100,0,100,100
363,7479590_7282-8318,1,0.93,684.0,584.0,750,100,0.0,100.0,100,100,100,7,93,100
364,7471968_2528-3627,1,0.8181999999999999,687.0,609.0,750,78,15.0,100.0,100,85,77,14,63,86
365,7345433_1995-3045,1,1.0,632.0,532.0,750,100,0.0,100.0,100,100,100,0,100,100
366,7500366_2564-3614,1,0.9375,576.0,510.0,750,66,36.0,100.0,100,64,64,4,60,66
367,7285043_288-1314,1,0.99,617.0,517.0,750,100,0.0,100.0,100,100,100,1,99,100
368,7327990_8137-9256,1,1.0,743.0,643.0,750,100,0.0,100.0,100,100,100,0,100,100
369,7428438_18209-19358,1,0.7948999999999999,357.0,318.0,750,39,54.0,94.0,100,40,39,8,31,40
370,7244736_14390-15427,1,1.0,657.0,557.0,750,100,0.0,100.0,100,100,100,0,100,100
371,7352651_414-1474,1,0.99,706.0,606.0,750,100,0.0,100.0,100,100,100,1,99,100
372,7429643_9133-10200,1,0.9775,599.0,510.0,750,89,11.0,100.0,100,89,89,2,87,89
373,7494204_64325-65410,1,1.0,688.0,588.0,750,100,0.0,100.0,100,100,100,0,100,100
374,7364175_5257-6310,1,0.6742,750.0,661.0,750,89,11.0,100.0,100,89,89,29,60,89
375,7457970_1753-2820,1,0.9551000000000001,683.0,594.0,750,89,0.0,100.0,100,100,89,4,85,100
376,7500220_43912-44935,1,0.99,650.0,550.0,750,100,0.0,100.0,100,100,100,1,99,100
377,7298842_716-1770,1,0.0,,,0,0,,,0,0,0,0,0,0
378,7257904_8341-9475,1,0.98,742.0,641.0,750,101,0.0,100.0,100,100,100,2,98,101
379,7445026_768-1798,1,1.0,656.0,556.0,750,100,0.0,100.0,100,100,100,0,100,100
380,7270234_3088-4110,1,0.0,,,0,0,,,0,0,0,0,0,0
381,7255055_5127-6231,1,0.8909,646.0,591.0,750,55,45.0,100.0,100,55,55,6,49,55
382,7435914_4775-5810,1,0.0,,,0,0,,,0,0,0,0,0,0
383,7289571_1394-2459,1,0.8787999999999999,595.0,495.0,750,100,0.0,100.0,100,100,99,12,87,101
384,7498260_1232-2392,1,0.9011,540.0,633.0,750,93,0.0,91.0,100,91,91,9,82,93
385,7279136_12158-13292,1,0.9495,492.0,393.0,750,99,0.0,99.0,100,99,99,5,94,99
386,7487908_9706-10867,1,0.98,551.0,451.0,750,100,0.0,100.0,100,100,100,2,98,100
387,7422638_3657-4688,1,0.7646999999999999,707.0,656.0,750,51,48.0,100.0,100,52,51,12,39,52
388,7470523_2679-3800,1,0.8234999999999999,513.0,479.0,750,34,37.0,71.0,100,34,34,6,28,34
389,7420457_3210-4260,1,1.0,666.0,566.0,750,100,0.0,100.0,100,100,100,0,100,100
390,7505199_2490-3514,1,1.0,620.0,517.0,750,103,0.0,100.0,100,100,100,0,100,103
391,7452389_13971-15003,1,0.87,411.0,311.0,750,100,0.0,100.0,100,100,100,13,87,100
392,7503493_26079-27151,1,0.98,670.0,570.0,750,100,0.0,100.0,100,100,100,2,98,100
393,7406014_3761-4827,1,0.7368000000000001,637.0,561.0,750,76,24.0,100.0,100,76,76,20,56,76
394,7442336_2503-3555,1,0.0,,,0,0,,,0,0,0,0,0,0
395,7504300_7679-8729,1,0.99,710.0,602.0,750,108,0.0,100.0,100,100,100,1,99,108
396,7428288_2426-3486,1,0.809,692.0,603.0,750,89,6.0,100.0,100,94,89,17,72,94
397,7384254_5044-6106,1,0.0,,,0,0,,,0,0,0,0,0,0
398,7329445_347-1493,1,0.9348000000000001,499.0,407.0,750,92,6.0,100.0,100,94,92,6,86,94
399,7421700_8059-9080,1,0.98,600.0,500.0,750,100,0.0,100.0,100,100,100,2,98,100
400,7295486_10245-11348,1,0.8367,640.0,540.0,750,100,0.0,98.0,100,98,98,16,82,100
401,7428325_18445-19511,1,0.8484999999999999,656.0,557.0,750,99,0.0,100.0,100,100,99,15,84,100
402,7289773_4899-5964,1,1.0,655.0,555.0,750,100,0.0,100.0,100,100,100,0,100,100
403,7481249_684-1734,1,0.0,,,0,0,,,0,0,0,0,0,0
404,7497555_1943-2993,1,0.8957999999999999,693.0,597.0,750,96,2.0,98.0,100,96,96,10,86,96
405,7405204_1655-2785,1,0.99,742.0,642.0,750,100,0.0,100.0,100,100,100,1,99,100
406,7246587_7143-8187,1,0.7875,473.0,388.0,750,85,15.0,100.0,100,85,80,17,63,90
407,7446979_176-1201,1,0.98,634.0,533.0,750,101,0.0,100.0,100,100,100,2,98,101
408,7394213_22844-23864,1,0.93,652.0,551.0,750,101,0.0,100.0,100,100,100,7,93,101
409,7505182_12604-13637,1,0.8384,616.0,516.0,750,100,0.0,99.0,100,99,99,16,83,100
410,7470777_4353-5380,1,0.99,654.0,554.0,750,100,0.0,100.0,100,100,100,1,99,100
411,7340076_16102-17222,1,0.9795999999999999,693.0,595.0,750,98,0.0,98.0,100,98,98,2,96,98
412,7472031_46107-47174,1,0.97,658.0,558.0,750,100,0.0,100.0,100,100,100,3,97,100
413,7423331_547-1645,1,0.7071,327.0,225.0,750,102,0.0,100.0,100,100,99,29,70,103
414,7398602_9457-10494,1,1.0,570.0,501.0,750,69,31.0,100.0,100,69,69,0,69,69
415,7461264_2226-3320,1,1.0,691.0,591.0,750,100,0.0,100.0,100,100,100,0,100,100
416,7427377_2838-3940,1,0.7835,683.0,585.0,750,98,0.0,100.0,100,100,97,21,76,101
417,7361612_14192-15251,1,0.99,666.0,566.0,750,100,0.0,100.0,100,100,100,1,99,100
418,7472573_22995-24093,1,1.0,727.0,627.0,750,100,0.0,100.0,100,100,100,0,100,100
419,7373101_7173-8230,1,0.99,700.0,600.0,750,100,0.0,100.0,100,100,100,1,99,100
420,7483366_8196-9274,1,1.0,660.0,560.0,750,100,0.0,100.0,100,100,100,0,100,100
421,7262085_28817-29850,1,0.94,721.0,621.0,750,100,0.0,100.0,100,100,100,6,94,100
422,7470097_5183-6272,1,0.93,709.0,609.0,750,100,0.0,100.0,100,100,100,7,93,100
423,7383729_16853-17882,1,0.0,,,0,0,,,0,0,0,0,0,0
424,7489263_27120-28154,1,1.0,619.0,517.0,750,102,0.0,100.0,100,100,100,0,100,102
425,7291916_2523-3567,1,0.99,640.0,540.0,750,100,0.0,100.0,100,100,100,1,99,100
426,7462141_8508-9546,1,0.0,,,0,0,,,0,0,0,0,0,0
427,7239396_5832-6870,1,0.9072,650.0,553.0,750,97,2.0,100.0,100,98,97,9,88,98
428,7378712_20386-21430,1,0.8611,610.0,532.0,750,78,28.0,100.0,100,72,72,10,62,78
429,7495898_2047-3097,1,1.0,629.0,529.0,750,100,0.0,100.0,100,100,100,0,100,100
430,7494837_2503-3614,1,1.0,714.0,613.0,750,101,0.0,100.0,100,100,100,0,100,101
431,7505897_9233-10263,1,1.0,634.0,534.0,750,100,0.0,100.0,100,100,100,0,100,100
432,7399263_9989-11032,1,0.99,598.0,498.0,750,100,0.0,100.0,100,100,100,1,99,100
433,7251346_3192-4227,1,0.0,,,0,0,,,0,0,0,0,0,0
434,7479588_23279-24302,0,0.0,,,0,0,,,0,0,0,0,0,0
435,7505686_13902-14995,0,0.98,673.0,573.0,750,100,0.0,100.0,100,100,100,2,98,100
436,7485090_13544-14579,0,0.0,,,0,0,,,0,0,0,0,0,0
437,7505634_9177-10218,0,0.0,,,0,0,,,0,0,0,0,0,0
438,7506621_2933-3978,0,0.0,,,0,0,,,0,0,0,0,0,0
439,7319547_40433-41536,0,0.899,704.0,605.0,750,99,1.0,100.0,100,99,99,10,89,99
440,7401558_10450-11474,0,0.7143,265.0,195.0,750,70,26.0,90.0,100,64,63,18,45,71
441,7370337_11259-12365,0,0.88,750.0,674.0,750,76,21.0,97.0,100,76,75,9,66,77
442,7434224_13886-14939,0,0.0,,,0,0,,,0,0,0,0,0,0
443,7332527_2193-3240,0,0.0,,,0,0,,,0,0,0,0,0,0
444,7422591_1866-2965,0,0.8265,704.0,606.0,750,98,0.0,100.0,100,100,98,17,81,100
445,7317296_379-1428,0,0.0,,,0,0,,,0,0,0,0,0,0
446,7428031_9282-10417,0,0.99,533.0,433.0,750,100,0.0,100.0,100,100,100,1,99,100
447,7505296_1033-2058,0,0.9309999999999999,750.0,692.0,750,58,25.0,84.0,100,59,58,4,54,59
448,7384305_3822-4865,0,0.7526,411.0,508.0,750,97,2.0,100.0,100,98,97,24,73,98
449,7497235_8847-9880,0,0.8332999999999999,623.0,532.0,750,91,16.0,100.0,100,84,84,14,70,91
450,7470141_3227-4269,0,0.0,,,0,0,,,0,0,0,0,0,0
451,7387869_15661-16807,0,1.0,743.0,643.0,750,100,0.0,100.0,100,100,100,0,100,100
452,7260327_1679-2768,0,0.8040999999999999,441.0,318.0,750,123,0.0,98.0,100,98,97,19,78,124
453,7500842_14911-16032,0,0.8889,507.0,428.0,750,79,4.0,86.0,100,82,72,8,64,89
454,7259769_8628-9754,0,0.6587999999999999,533.0,448.0,750,85,6.0,97.0,100,91,85,29,56,91
455,7473913_1443-2480,0,0.9899,677.0,578.0,750,99,0.0,100.0,100,100,99,1,98,100
456,7316879_3877-4985,0,0.0,,,0,0,,,0,0,0,0,0,0
457,7471134_232-1331,0,0.9293,480.0,381.0,750,99,1.0,100.0,100,99,99,7,92,99
458,7377701_2790-3825,0,0.92,619.0,519.0,750,100,0.0,100.0,100,100,100,8,92,100
459,7274279_1203-2345,0,0.0,,,0,0,,,0,0,0,0,0,0
460,7257191_1558-2593,0,0.0,,,0,0,,,0,0,0,0,0,0
461,7466889_11139-12267,0,0.0,,,0,0,,,0,0,0,0,0,0
462,7313585_912-1969,0,1.0,750.0,703.0,750,47,53.0,100.0,100,47,47,0,47,47
463,7472110_1682-2702,0,0.7843000000000001,273.0,222.0,750,51,0.0,51.0,100,51,51,11,40,51
464,7505995_9945-11031,0,0.7837999999999999,750.0,713.0,750,37,63.0,100.0,100,37,37,8,29,37
465,7491167_28645-29759,0,0.75,686.0,610.0,750,76,21.0,99.0,100,78,76,19,57,78
466,7497776_5351-6486,0,0.0,,,0,0,,,0,0,0,0,0,0
467,7500461_1254-2333,0,0.0,,,0,0,,,0,0,0,0,0,0
468,7369629_3156-4204,0,0.8181999999999999,236.0,335.0,750,99,0.0,99.0,100,99,99,18,81,99
469,7273682_15485-16579,0,0.99,736.0,636.0,750,100,0.0,100.0,100,100,100,1,99,100
470,7421916_12872-13926,0,0.8332999999999999,750.0,708.0,750,42,58.0,100.0,100,42,42,7,35,42
471,7467938_4982-6069,0,0.9247,703.0,608.0,750,95,7.0,100.0,100,93,93,7,86,95
472,7498068_28053-29129,0,0.9340999999999999,186.0,93.0,750,93,7.0,100.0,100,93,91,6,85,95
473,7465311_16924-18025,0,0.7222,750.0,660.0,750,90,10.0,100.0,100,90,90,25,65,90
474,7239194_4615-5671,0,0.7576,579.0,513.0,750,66,34.0,100.0,100,66,66,16,50,66
475,7401058_2129-3166,0,0.8172,648.0,554.0,750,94,5.0,99.0,100,94,93,17,76,95
476,7500466_6665-7833,0,0.8181999999999999,433.0,357.0,750,76,13.0,80.0,100,67,66,12,54,77
477,7498158_805-1862,0,0.8526,360.0,265.0,750,95,0.0,99.0,100,99,95,14,81,99
478,7469291_709-1738,0,0.9795999999999999,661.0,554.0,750,107,0.0,100.0,100,100,98,2,96,109
479,7492332_15242-16323,0,0.0,,,0,0,,,0,0,0,0,0,0
480,7375890_2852-3886,0,0.9545,750.0,728.0,750,22,78.0,100.0,100,22,22,1,21,22
481,7295297_156-1200,0,0.0,,,0,0,,,0,0,0,0,0,0
482,7469249_1007-2087,0,0.0,,,0,0,,,0,0,0,0,0,0
483,7383489_1711-2740,0,0.7526999999999999,300.0,204.0,750,96,0.0,93.0,100,93,93,23,70,96
484,7492603_6544-7588,0,0.99,652.0,552.0,750,100,0.0,100.0,100,100,100,1,99,100
485,7242173_19219-20294,0,0.9259000000000001,504.0,477.0,750,27,72.0,99.0,100,27,27,2,25,27
486,7343730_16086-17132,0,0.8293,630.0,548.0,750,82,18.0,100.0,100,82,82,14,68,82
487,7456002_390-1484,0,0.8148000000000001,500.0,437.0,750,63,19.0,73.0,100,54,54,10,44,63
488,7336418_560-1622,0,0.8105,669.0,574.0,750,95,5.0,100.0,100,95,95,18,77,95
489,7249781_1094-2166,0,0.98,749.0,643.0,750,106,0.0,100.0,100,100,100,2,98,106
490,7264819_21921-23012,0,0.7119,529.0,470.0,750,59,6.0,65.0,100,59,59,17,42,59
491,7472192_39778-40911,0,0.8695999999999999,750.0,704.0,750,46,54.0,100.0,100,46,46,6,40,46
492,7453210_3418-4478,0,0.8108,750.0,713.0,750,37,63.0,100.0,100,37,37,7,30,37
493,7282940_62659-63703,0,0.8158,78.0,2.0,750,76,13.0,89.0,100,76,76,14,62,76
494,7286759_3931-5020,0,0.7778,629.0,584.0,750,45,55.0,100.0,100,45,45,10,35,45
495,7488412_7664-8776,0,0.0,,,0,0,,,0,0,0,0,0,0
496,7316380_61-1141,0,0.9167000000000001,612.0,576.0,750,36,64.0,100.0,100,36,36,3,33,36
497,7506030_61045-62101,0,0.0,,,0,0,,,0,0,0,0,0,0
498,7499773_27786-28940,0,0.0,,,0,0,,,0,0,0,0,0,0
499,7442971_33049-34077,0,0.0,,,0,0,,,0,0,0,0,0,0
500,7505108_74589-75651,0,1.0,653.0,557.0,750,96,0.0,96.0,100,96,96,0,96,96
501,7476609_13181-14296,0,0.8478,485.0,439.0,750,46,0.0,46.0,100,46,46,7,39,46
502,7505030_1613-2634,0,0.6984,573.0,509.0,750,64,37.0,100.0,100,63,63,19,44,64
503,7432909_31947-33154,0,0.96,750.0,725.0,750,25,75.0,100.0,100,25,25,1,24,25
504,7479284_2434-3484,0,0.9899,670.0,571.0,750,99,0.0,100.0,100,100,99,1,98,100
505,7482053_66723-67924,0,0.0,,,0,0,,,0,0,0,0,0,0
506,7245101_53823-54920,0,1.0,624.0,526.0,750,98,0.0,100.0,100,100,98,0,98,100
507,7249989_8891-9945,0,0.0,,,0,0,,,0,0,0,0,0,0
508,7252408_13053-14182,0,0.9286,750.0,722.0,750,28,72.0,100.0,100,28,28,2,26,28
509,7504625_16075-17109,0,1.0,703.0,604.0,750,99,0.0,99.0,100,99,99,0,99,99
510,7262044_15676-16703,0,0.0,,,0,0,,,0,0,0,0,0,0
511,7484599_9094-10179,0,0.0,,,0,0,,,0,0,0,0,0,0
512,7471791_16920-18046,0,0.6570999999999999,750.0,680.0,750,70,30.0,100.0,100,70,70,24,46,70
513,7457439_2206-3303,0,0.747,549.0,458.0,750,91,17.0,100.0,100,83,83,21,62,91
514,7485179_10492-11587,0,0.0,,,0,0,,,0,0,0,0,0,0
515,7388994_3705-4784,0,0.0,,,0,0,,,0,0,0,0,0,0
516,7398948_3961-5107,0,0.97,566.0,466.0,750,100,0.0,100.0,100,100,100,3,97,100
517,7286868_3396-4455,0,0.6744,511.0,423.0,750,88,0.0,89.0,100,89,86,28,58,91
518,7488081_16325-17393,0,0.0,,,0,0,,,0,0,0,0,0,0
519,7335549_148-1265,0,1.0,740.0,640.0,750,100,0.0,100.0,100,100,100,0,100,100
520,7459611_13339-14490,0,0.8529000000000001,750.0,716.0,750,34,66.0,100.0,100,34,34,5,29,34
521,7420101_4683-5736,0,0.8902,661.0,579.0,750,82,0.0,84.0,100,84,82,9,73,84
522,7496035_8141-9251,0,0.0,,,0,0,,,0,0,0,0,0,0
523,7248698_9664-10685,0,1.0,590.0,564.0,750,26,74.0,100.0,100,26,26,0,26,26
524,7328702_31764-32803,0,1.0,670.0,579.0,750,91,8.0,99.0,100,91,91,0,91,91
525,7488688_20463-21502,0,0.0,,,0,0,,,0,0,0,0,0,0
526,7499531_1955-3025,0,0.0,,,0,0,,,0,0,0,0,0,0
527,7492533_5905-6955,0,0.7907,460.0,506.0,750,46,56.0,99.0,100,43,43,9,34,46
528,7247224_17074-18105,0,0.0,,,0,0,,,0,0,0,0,0,0
529,7351690_1899-2925,0,1.0,628.0,528.0,750,100,0.0,100.0,100,100,100,0,100,100
530,7503833_24255-25281,0,0.0,,,0,0,,,0,0,0,0,0,0
531,7341002_173-1222,0,0.8842,628.0,533.0,750,95,5.0,100.0,100,95,95,11,84,95
532,7487384_39730-40760,0,0.9211,750.0,712.0,750,38,62.0,100.0,100,38,38,3,35,38
533,7405446_4193-5253,0,0.0,,,0,0,,,0,0,0,0,0,0
534,7469927_1398-2516,0,0.94,619.0,519.0,750,100,0.0,100.0,100,100,100,6,94,100
535,7501816_2051-3101,0,0.9,750.0,700.0,750,50,50.0,100.0,100,50,50,5,45,50
536,7297169_1031-2141,0,0.0,,,0,0,,,0,0,0,0,0,0
537,7491586_30951-32084,0,0.7333,188.0,278.0,750,90,0.0,100.0,100,100,90,24,66,100
538,7471791_13908-14974,0,0.0,,,0,0,,,0,0,0,0,0,0
539,7331945_14100-15155,0,0.9143000000000001,587.0,552.0,750,35,65.0,100.0,100,35,35,3,32,35
540,7269166_7801-8833,0,0.99,610.0,510.0,750,100,0.0,100.0,100,100,100,1,99,100
541,7487127_5135-6232,0,0.7312000000000001,503.0,403.0,750,100,3.0,100.0,100,97,93,25,68,104
542,7371743_19730-20780,0,0.0,,,0,0,,,0,0,0,0,0,0
543,7399476_1885-2940,0,0.7384999999999999,607.0,542.0,750,65,34.0,99.0,100,65,65,17,48,65
544,7379596_30251-31333,0,0.0,,,0,0,,,0,0,0,0,0,0
545,7240948_5008-6064,0,0.6761,429.0,357.0,750,72,28.0,99.0,100,71,71,23,48,72
546,7253107_987-2152,0,1.0,689.0,589.0,750,100,0.0,100.0,100,100,100,0,100,100
547,7329050_8032-9129,0,0.0,,,0,0,,,0,0,0,0,0,0
548,7498051_9148-10215,0,0.6923,666.0,737.0,750,71,12.0,77.0,100,65,65,20,45,71
549,7405613_18477-19548,0,0.9,750.0,700.0,750,50,50.0,100.0,100,50,50,5,45,50
550,7375646_1879-2964,0,0.7263,539.0,428.0,750,111,4.0,99.0,100,95,95,26,69,111
551,7470884_3232-4300,0,0.0,,,0,0,,,0,0,0,0,0,0
552,7281486_2507-3590,0,0.7436,547.0,469.0,750,78,0.0,85.0,100,85,78,20,58,85
553,7400304_5801-6824,0,0.98,656.0,555.0,750,101,0.0,100.0,100,100,100,2,98,101
554,7464023_3239-4457,0,0.0,,,0,0,,,0,0,0,0,0,0
555,7289203_1509-2570,0,0.0,,,0,0,,,0,0,0,0,0,0
556,7483923_13534-14647,0,0.8452,165.0,249.0,750,84,0.0,84.0,100,84,84,13,71,84
557,7286534_1192-2252,0,0.0,,,0,0,,,0,0,0,0,0,0
558,7480791_1342-2392,0,0.0,,,0,0,,,0,0,0,0,0,0
559,7504217_1778-2883,0,0.7667,273.0,177.0,750,96,6.0,100.0,100,94,90,21,69,100
560,7409986_9765-10881,0,0.6470999999999999,428.0,499.0,750,71,32.0,100.0,100,68,68,24,44,71
561,7478678_9073-10222,0,0.98,678.0,578.0,750,100,0.0,100.0,100,100,100,2,98,100
562,7459731_1409-2433,0,0.7,325.0,220.0,750,105,0.0,100.0,100,100,100,30,70,105
563,7385764_10426-11592,0,0.0,,,0,0,,,0,0,0,0,0,0
564,7383198_14656-15733,0,0.0,,,0,0,,,0,0,0,0,0,0
565,7275547_1097-2202,0,0.7231000000000001,651.0,586.0,750,65,33.0,99.0,100,66,65,18,47,66
566,7412863_3454-4485,0,1.0,707.0,610.0,750,97,0.0,97.0,100,97,97,0,97,97
567,7376245_25901-26989,0,0.0,,,0,0,,,0,0,0,0,0,0
568,7484504_63928-64978,0,0.8919,607.0,570.0,750,37,63.0,100.0,100,37,37,4,33,37
569,7457599_6423-7640,0,0.96,728.0,628.0,750,100,0.0,100.0,100,100,100,4,96,100
570,7443462_588-1693,0,0.0,,,0,0,,,0,0,0,0,0,0
571,7265004_624-1685,0,0.0,,,0,0,,,0,0,0,0,0,0
572,7243273_339-1422,0,0.7717,194.0,286.0,750,92,0.0,92.0,100,92,92,21,71,92
573,7489198_20546-21596,0,0.7182999999999999,746.0,675.0,750,71,0.0,72.0,100,72,71,20,51,72
574,7484652_23473-24578,0,0.72,355.0,301.0,750,54,50.0,100.0,100,50,50,14,36,54
575,7484873_8433-9667,0,1.0,635.0,535.0,750,100,0.0,100.0,100,100,100,0,100,100
576,7445469_6601-7674,0,0.0,,,0,0,,,0,0,0,0,0,0
577,7255025_2331-3396,0,0.8226,180.0,117.0,750,63,7.0,69.0,100,62,62,11,51,63
578,7479571_27646-28696,0,0.0,,,0,0,,,0,0,0,0,0,0
579,7384553_10135-11166,0,0.7097,163.0,101.0,750,62,14.0,77.0,100,63,62,18,44,63
580,7268540_2282-3366,0,0.8043,7.0,53.0,750,46,51.0,97.0,100,46,46,9,37,46
581,7487046_4331-5410,0,1.0,669.0,569.0,750,100,0.0,100.0,100,100,100,0,100,100
582,7424869_4279-5382,0,0.7667,643.0,553.0,750,90,10.0,100.0,100,90,90,21,69,90
583,7353453_272-1299,0,0.96,750.0,725.0,750,25,75.0,100.0,100,25,25,1,24,25
584,7506027_24878-26008,0,0.6579,648.0,725.0,750,77,24.0,100.0,100,76,76,26,50,77
585,7499680_14651-15685,0,0.0,,,0,0,,,0,0,0,0,0,0
586,7395447_4017-5133,0,0.88,452.0,352.0,750,100,0.0,100.0,100,100,100,12,88,100
587,7263328_2014-3051,0,0.0,,,0,0,,,0,0,0,0,0,0
588,7448425_1084-2119,0,1.0,750.0,729.0,750,21,79.0,100.0,100,21,21,0,21,21
589,7466903_14418-15491,0,0.0,,,0,0,,,0,0,0,0,0,0
590,7464556_9626-10656,0,0.7082999999999999,477.0,404.0,750,73,25.0,99.0,100,74,72,21,51,75
591,7399394_11219-12315,0,0.0,,,0,0,,,0,0,0,0,0,0
592,7347894_109-1213,0,0.9278,714.0,617.0,750,97,1.0,98.0,100,97,97,7,90,97
593,7473192_14223-15289,0,0.0,,,0,0,,,0,0,0,0,0,0
594,7382232_19118-20210,0,1.0,750.0,719.0,750,31,69.0,100.0,100,31,31,0,31,31
595,7488464_1559-2609,0,0.8,223.0,130.0,750,93,0.0,90.0,100,90,90,18,72,93
596,7453818_13259-14428,0,0.94,714.0,613.0,750,101,0.0,100.0,100,100,100,6,94,101
597,7238375_9642-10762,0,1.0,750.0,717.0,750,33,67.0,100.0,100,33,33,0,33,33
598,7310777_15985-17079,0,0.0,,,0,0,,,0,0,0,0,0,0
599,7501025_5619-6669,0,0.596,657.0,558.0,750,99,1.0,100.0,100,99,99,40,59,99
600,7311207_5059-6173,0,0.95,741.0,639.0,750,102,0.0,100.0,100,100,100,5,95,102
601,7428171_5461-6652,0,0.76,554.0,504.0,750,50,49.0,100.0,100,51,50,12,38,51
602,7458467_102-1217,0,0.8,390.0,315.0,750,75,0.0,75.0,100,75,75,15,60,75
603,7466237_4409-5442,0,0.0,,,0,0,,,0,0,0,0,0,0
604,7501575_7307-8426,0,0.99,744.0,644.0,750,100,0.0,100.0,100,100,100,1,99,100
605,7405164_3213-4261,0,0.0,,,0,0,,,0,0,0,0,0,0
606,7266711_281-1390,0,0.7093,699.0,605.0,750,94,8.0,95.0,100,87,86,25,61,95
607,7439519_1703-2753,0,0.92,750.0,725.0,750,25,75.0,100.0,100,25,25,2,23,25
608,7493309_1014-2064,0,0.0,,,0,0,,,0,0,0,0,0,0
609,7502478_30600-31650,0,0.72,0.0,50.0,750,50,49.0,100.0,100,51,50,14,36,51
610,7474857_7433-8535,0,0.95,700.0,600.0,750,100,0.0,100.0,100,100,100,5,95,100
611,7427795_16490-17598,0,1.0,698.0,599.0,750,99,0.0,99.0,100,99,99,0,99,99
612,7322898_628-1661,0,0.9795999999999999,595.0,497.0,750,98,0.0,100.0,100,100,98,2,96,100
613,7489955_1513-2563,0,0.0,,,0,0,,,0,0,0,0,0,0
614,7501566_9481-10505,0,1.0,633.0,533.0,750,100,0.0,100.0,100,100,100,0,100,100
615,7454061_4990-6098,0,0.9897,746.0,649.0,750,97,0.0,97.0,100,97,97,1,96,97
616,7503848_7284-8347,0,0.0,,,0,0,,,0,0,0,0,0,0
617,7463962_1906-3044,0,0.8298000000000001,47.0,143.0,750,96,0.0,95.0,100,95,94,16,78,97
618,7482377_9608-10658,0,1.0,629.0,529.0,750,100,0.0,100.0,100,100,100,0,100,100
619,7445299_950-2074,0,0.7082999999999999,297.0,249.0,750,48,35.0,83.0,100,48,48,14,34,48
620,7445032_2355-3519,0,0.7547,750.0,697.0,750,53,47.0,100.0,100,53,53,13,40,53
621,7451988_6559-7617,0,0.0,,,0,0,,,0,0,0,0,0,0
622,7430550_13286-14553,0,0.9355,737.0,644.0,750,93,7.0,100.0,100,93,93,6,87,93
623,7470122_29134-30185,0,0.7011,161.0,66.0,750,95,9.0,98.0,100,89,87,26,61,97
624,7486578_1512-2595,0,0.0,,,0,0,,,0,0,0,0,0,0
625,7498001_2939-4003,0,0.0,,,0,0,,,0,0,0,0,0,0
626,7359387_14947-15979,0,0.7646999999999999,449.0,518.0,750,69,20.0,92.0,100,72,68,16,52,73
627,7252445_7763-8883,0,0.9899,585.0,485.0,750,100,0.0,99.0,100,99,99,1,98,100
628,7506145_721-1833,0,0.0,,,0,0,,,0,0,0,0,0,0
629,7475263_1122-2181,0,0.7818,694.0,639.0,750,55,39.0,94.0,100,55,55,12,43,55
630,7461192_79223-80272,0,0.9899,608.0,509.0,750,99,0.0,99.0,100,99,99,1,98,99
631,7481591_502-1552,0,0.9815,637.0,583.0,750,54,45.0,100.0,100,55,54,1,53,55
632,7484362_4840-5901,0,1.0,735.0,635.0,750,100,0.0,100.0,100,100,100,0,100,100
633,7332275_86-1155,0,0.82,343.0,243.0,750,100,0.0,100.0,100,100,100,18,82,100
634,7458959_8344-9392,0,0.0,,,0,0,,,0,0,0,0,0,0
635,7444414_13106-14172,0,0.7273000000000001,567.0,479.0,750,88,10.0,99.0,100,89,88,24,64,89
636,7443329_106-1239,0,0.866,706.0,607.0,750,99,0.0,97.0,100,97,97,13,84,99
637,7452811_3137-4195,0,1.0,638.0,599.0,750,39,61.0,100.0,100,39,39,0,39,39
638,7287809_5580-6615,0,0.9795999999999999,539.0,441.0,750,98,0.0,98.0,100,98,98,2,96,98
639,7377152_11998-13082,0,0.9579000000000001,656.0,560.0,750,96,0.0,95.0,100,95,95,4,91,96
640,7241362_3821-4935,0,0.9062,626.0,594.0,750,32,67.0,100.0,100,33,32,3,29,33
641,7478333_21993-23054,0,0.98,649.0,546.0,750,103,0.0,100.0,100,100,100,2,98,103
642,7500661_7022-8244,0,0.9259000000000001,659.0,632.0,750,27,72.0,99.0,100,27,27,2,25,27
643,7421560_1341-2431,0,1.0,750.0,650.0,750,100,0.0,100.0,100,100,100,0,100,100
644,7248162_3870-4940,0,0.7903,506.0,443.0,750,63,37.0,99.0,100,62,62,13,49,63
645,7330171_705-1792,0,1.0,639.0,547.0,750,92,0.0,92.0,100,92,92,0,92,92
646,7492013_4252-5302,0,0.88,602.0,550.0,750,52,50.0,100.0,100,50,50,6,44,52
647,7496242_3516-4667,0,0.0,,,0,0,,,0,0,0,0,0,0
648,7328594_2076-3137,0,0.95,527.0,427.0,750,100,0.0,100.0,100,100,100,5,95,100
649,7275651_11305-12442,0,0.0,,,0,0,,,0,0,0,0,0,0
650,7374078_41995-43020,0,0.9565,750.0,727.0,750,23,77.0,100.0,100,23,23,1,22,23
651,7304115_3618-4775,0,0.8332999999999999,564.0,468.0,750,96,2.0,98.0,100,96,96,16,80,96
652,7405518_4653-5753,0,0.0,,,0,0,,,0,0,0,0,0,0
653,7425566_778-1908,0,1.0,739.0,639.0,750,100,0.0,100.0,100,100,100,0,100,100
654,7470248_5866-6902,0,0.0,,,0,0,,,0,0,0,0,0,0
655,7468607_30158-31227,0,0.0,,,0,0,,,0,0,0,0,0,0
656,7306594_970-2054,0,0.7912,583.0,481.0,750,102,5.0,98.0,100,93,91,19,72,104
657,7493015_41615-42740,0,0.9882,698.0,613.0,750,85,13.0,100.0,100,87,85,1,84,87
658,7358166_14-1041,0,0.6761,94.0,169.0,750,75,22.0,93.0,100,71,71,23,48,75
659,7464937_2807-3855,0,0.8261,65.0,17.0,750,48,42.0,88.0,100,46,46,8,38,48
660,7371386_3472-4567,0,0.642,570.0,488.0,750,82,16.0,97.0,100,81,81,29,52,82
661,7474963_1019-2173,0,0.8427,418.0,509.0,750,91,0.0,89.0,100,89,89,14,75,91
662,7412468_6966-7989,0,0.7347,488.0,389.0,750,99,0.0,100.0,100,100,98,26,72,101
663,7501597_3178-4334,0,0.79,346.0,243.0,750,103,0.0,100.0,100,100,100,21,79,103
664,7441566_479-1577,0,0.0,,,0,0,,,0,0,0,0,0,0
665,7494411_1420-2442,0,1.0,640.0,540.0,750,100,0.0,100.0,100,100,100,0,100,100
666,7474712_290-1358,0,0.99,695.0,595.0,750,100,0.0,100.0,100,100,100,1,99,100
667,7443108_7950-8972,0,1.0,750.0,725.0,750,25,75.0,100.0,100,25,25,0,25,25
668,7306086_4928-6017,0,0.8889,679.0,589.0,750,90,0.0,100.0,100,100,90,10,80,100
669,7501266_173-1274,0,1.0,723.0,623.0,750,100,0.0,100.0,100,100,100,0,100,100
670,7476042_10666-11690,0,1.0,673.0,573.0,750,100,0.0,100.0,100,100,100,0,100,100
671,7389704_1866-2887,0,0.0,,,0,0,,,0,0,0,0,0,0
672,7275003_8063-9100,0,0.9643,578.0,522.0,750,56,44.0,100.0,100,56,56,2,54,56
673,7492868_12028-13098,0,1.0,653.0,631.0,750,22,77.0,99.0,100,22,22,0,22,22
674,7270575_471-1494,0,0.7458,750.0,691.0,750,59,41.0,100.0,100,59,59,15,44,59
675,7393349_907-1967,0,0.0,,,0,0,,,0,0,0,0,0,0
676,7384520_511-1585,0,0.0,,,0,0,,,0,0,0,0,0,0
677,7431706_3247-4325,0,0.7778,486.0,423.0,750,63,31.0,100.0,100,69,63,14,49,69
678,7507072_26267-27374,0,0.6506000000000001,750.0,667.0,750,83,17.0,100.0,100,83,83,29,54,83
679,7451763_5264-6286,0,0.8837,750.0,707.0,750,43,57.0,100.0,100,43,43,5,38,43
680,7384345_4202-5239,0,0.6774,477.0,415.0,750,62,16.0,78.0,100,62,62,20,42,62
681,7257541_8182-9250,0,0.0,,,0,0,,,0,0,0,0,0,0
682,7245544_702-1755,0,0.8684000000000001,750.0,712.0,750,38,62.0,100.0,100,38,38,5,33,38
683,7411686_867-1970,0,0.0,,,0,0,,,0,0,0,0,0,0
684,7397797_3636-4776,0,0.0,,,0,0,,,0,0,0,0,0,0
685,7314965_2204-3247,0,0.6623,78.0,0.0,750,78,10.0,90.0,100,80,77,26,51,81
686,7255886_11984-13106,0,0.95,726.0,626.0,750,100,0.0,100.0,100,100,100,5,95,100
687,7326290_308-1374,0,0.7606,663.0,582.0,750,81,8.0,80.0,100,72,71,17,54,82
688,7503004_35283-36303,0,0.6944,750.0,678.0,750,72,28.0,100.0,100,72,72,22,50,72
689,7498970_546-1675,0,0.8718,438.0,360.0,750,78,2.0,85.0,100,83,78,10,68,83
690,7397951_7893-9060,0,0.0,,,0,0,,,0,0,0,0,0,0
691,7499156_5977-7083,0,0.0,,,0,0,,,0,0,0,0,0,0
692,7249785_2057-3105,0,0.0,,,0,0,,,0,0,0,0,0,0
693,7492354_12028-13078,0,0.6452,750.0,657.0,750,93,7.0,100.0,100,93,93,33,60,93
694,7506144_49389-50432,0,1.0,750.0,727.0,750,23,77.0,100.0,100,23,23,0,23,23
695,7472301_15197-16271,0,0.81,691.0,589.0,750,102,0.0,100.0,100,100,100,19,81,102
696,7506027_41844-42890,0,0.5921,750.0,674.0,750,76,24.0,100.0,100,76,76,31,45,76
697,7409928_4407-5435,0,0.6301,448.0,374.0,750,74,25.0,98.0,100,73,73,27,46,74
698,7481813_56566-57602,0,0.0,,,0,0,,,0,0,0,0,0,0
699,7500233_24045-25192,0,0.0,,,0,0,,,0,0,0,0,0,0
700,7504563_11858-12908,0,0.5952000000000001,559.0,475.0,750,84,1.0,85.0,100,84,84,34,50,84
701,7503785_13454-14487,0,0.7121,750.0,684.0,750,66,34.0,100.0,100,66,66,19,47,66
702,7469851_4435-5500,0,0.0,,,0,0,,,0,0,0,0,0,0
703,7425475_330-1369,0,0.0,,,0,0,,,0,0,0,0,0,0
704,7468399_3349-4390,0,0.0,,,0,0,,,0,0,0,0,0,0
705,7267461_526-1559,0,1.0,698.0,598.0,750,100,0.0,100.0,100,100,100,0,100,100
706,7458612_31586-32641,0,0.7273000000000001,394.0,476.0,750,82,4.0,85.0,100,81,77,21,56,86
707,7484820_6797-7867,0,0.0,,,0,0,,,0,0,0,0,0,0
708,7491386_18278-19361,0,0.0,,,0,0,,,0,0,0,0,0,0
709,7461843_6062-7166,0,0.9412,674.0,640.0,750,34,66.0,100.0,100,34,34,2,32,34
710,7245585_685-1725,0,0.8462000000000001,682.0,591.0,750,91,8.0,99.0,100,91,91,14,77,91
711,7486586_6864-7933,0,0.7179000000000001,358.0,273.0,750,85,2.0,84.0,100,82,78,22,56,89
712,7490819_15083-16112,0,0.0,,,0,0,,,0,0,0,0,0,0
713,7285734_2826-3916,0,0.6849,578.0,505.0,750,73,22.0,95.0,100,73,73,23,50,73
714,7395886_21902-22925,0,0.0,,,0,0,,,0,0,0,0,0,0
715,7366714_4960-6011,0,0.0,,,0,0,,,0,0,0,0,0,0
716,7294245_1156-2239,0,1.0,647.0,547.0,750,100,0.0,100.0,100,100,100,0,100,100
717,7499435_19087-20159,0,0.9697,670.0,571.0,750,99,1.0,100.0,100,99,99,3,96,99
718,7444196_137-1165,0,1.0,692.0,592.0,750,100,0.0,100.0,100,100,100,0,100,100
719,7449830_11059-12124,0,0.0,,,0,0,,,0,0,0,0,0,0
720,7280125_1093-2153,0,0.8151999999999999,360.0,452.0,750,92,2.0,94.0,100,92,92,17,75,92
721,7469689_10346-11451,0,0.93,552.0,452.0,750,100,0.0,100.0,100,100,100,7,93,100
722,7290998_512-1640,0,1.0,709.0,609.0,750,100,0.0,100.0,100,100,100,0,100,100
723,7455106_943-2047,0,0.0,,,0,0,,,0,0,0,0,0,0
724,7237699_47902-48934,0,1.0,535.0,512.0,750,23,77.0,100.0,100,23,23,0,23,23
725,7476494_1370-2409,0,0.6854,563.0,472.0,750,91,7.0,100.0,100,93,89,28,61,95
726,7484189_15139-16222,0,0.0,,,0,0,,,0,0,0,0,0,0
727,7379635_23566-24598,0,0.9434,750.0,697.0,750,53,46.0,99.0,100,53,53,3,50,53
728,7404924_2192-3284,0,1.0,619.0,519.0,750,100,0.0,100.0,100,100,100,0,100,100
729,7381365_745-1766,0,0.98,681.0,581.0,750,100,0.0,100.0,100,100,100,2,98,100
730,7301610_2846-3895,0,1.0,739.0,638.0,750,101,0.0,100.0,100,100,100,0,100,101
731,7268982_915-1999,0,0.0,,,0,0,,,0,0,0,0,0,0
732,7500599_905-1955,0,0.96,601.0,501.0,750,100,0.0,100.0,100,100,100,4,96,100
733,7497350_2446-3475,0,1.0,647.0,547.0,750,100,0.0,100.0,100,100,100,0,100,100
734,7345656_68-1091,0,0.8767,421.0,346.0,750,75,0.0,73.0,100,73,73,9,64,75
735,7465130_2353-3434,0,0.99,707.0,607.0,750,100,0.0,100.0,100,100,100,1,99,100
736,7414966_4619-5745,0,0.65,750.0,650.0,750,100,0.0,100.0,100,100,100,35,65,100
737,7504906_33778-34798,0,0.75,602.0,501.0,750,101,0.0,100.0,100,100,100,25,75,101
738,7465169_580-1680,0,0.8636,376.0,286.0,750,90,0.0,88.0,100,88,88,12,76,90
739,7332189_1347-2536,0,0.9861,750.0,678.0,750,72,28.0,100.0,100,72,72,1,71,72
740,7473919_36809-37879,0,0.7206,750.0,682.0,750,68,32.0,100.0,100,68,68,19,49,68
741,7457203_1445-2553,0,0.0,,,0,0,,,0,0,0,0,0,0
742,7496089_3310-4360,0,0.8851,664.0,577.0,750,87,0.0,100.0,100,100,87,10,77,100
743,7368274_537-1598,0,0.9804,750.0,699.0,750,51,49.0,100.0,100,51,51,1,50,51
744,7309956_5949-6971,0,0.0,,,0,0,,,0,0,0,0,0,0
745,7462819_15958-17031,0,1.0,673.0,573.0,750,100,0.0,100.0,100,100,100,0,100,100
746,7274430_9521-10573,0,0.98,697.0,597.0,750,100,0.0,100.0,100,100,100,2,98,100
747,7389132_5089-6113,0,0.7629,612.0,515.0,750,97,0.0,98.0,100,98,97,23,74,98
748,7432550_4513-5605,0,0.6,552.0,462.0,750,90,10.0,100.0,100,90,90,36,54,90
749,7501177_30797-31840,0,0.97,666.0,565.0,750,101,0.0,100.0,100,100,100,3,97,101
750,7297087_11676-12750,0,1.0,750.0,718.0,750,32,68.0,100.0,100,32,32,0,32,32
751,7494785_12831-13891,0,0.0,,,0,0,,,0,0,0,0,0,0
752,7387882_20481-21545,0,0.6923,280.0,376.0,750,96,0.0,91.0,100,91,91,28,63,96
753,7250476_16114-17180,0,1.0,618.0,518.0,750,100,0.0,100.0,100,100,100,0,100,100
754,7275143_1266-2309,0,0.6705,514.0,423.0,750,91,1.0,90.0,100,89,88,29,59,92
755,7325592_185-1293,0,0.0,,,0,0,,,0,0,0,0,0,0
756,7431005_1666-2690,0,0.0,,,0,0,,,0,0,0,0,0,0
757,7439801_5198-6246,0,0.0,,,0,0,,,0,0,0,0,0,0
758,7463252_6243-7293,0,0.9184,624.0,524.0,750,100,0.0,100.0,100,100,98,8,90,102
759,7404390_4556-5625,0,0.9899,649.0,550.0,750,99,0.0,99.0,100,99,99,1,98,99
760,7499975_16653-17689,0,0.0,,,0,0,,,0,0,0,0,0,0
761,7491142_831-1885,0,0.9167000000000001,714.0,649.0,750,65,40.0,100.0,100,60,60,5,55,65
762,7388418_1434-2477,0,0.99,697.0,597.0,750,100,0.0,100.0,100,100,100,1,99,100
763,7375701_12152-13198,0,0.9495,691.0,592.0,750,99,0.0,100.0,100,100,99,5,94,100
764,7258552_3286-4308,0,0.0,,,0,0,,,0,0,0,0,0,0
765,7422503_7715-8737,0,1.0,621.0,521.0,750,100,0.0,100.0,100,100,100,0,100,100
766,7478411_42588-43638,0,0.7308,713.0,634.0,750,79,3.0,84.0,100,81,78,21,57,82
767,7356545_21721-22803,0,0.88,717.0,642.0,750,75,6.0,81.0,100,75,75,9,66,75
768,7338722_1709-2826,0,0.7172,577.0,478.0,750,99,0.0,99.0,100,99,99,28,71,99
769,7289506_898-1956,0,0.9473999999999999,647.0,552.0,750,95,0.0,95.0,100,95,95,5,90,95
770,7493652_27831-28994,0,1.0,600.0,701.0,750,101,0.0,100.0,100,100,100,0,100,101
771,7455872_46768-47801,0,0.7222,750.0,660.0,750,90,10.0,100.0,100,90,90,25,65,90
772,7466769_1203-2395,0,1.0,750.0,724.0,750,26,73.0,99.0,100,26,26,0,26,26
773,7460098_10564-11632,0,0.82,396.0,291.0,750,105,0.0,100.0,100,100,100,18,82,105
774,7481463_14773-15874,0,0.7368000000000001,748.0,691.0,750,57,37.0,96.0,100,59,57,15,42,59
775,7489669_2596-3618,0,0.0,,,0,0,,,0,0,0,0,0,0
776,7432178_4097-5125,0,0.7045,155.0,64.0,750,91,9.0,99.0,100,90,88,26,62,93
777,7468348_13795-14842,0,0.99,667.0,567.0,750,100,0.0,100.0,100,100,100,1,99,100
778,7504806_9519-10553,0,0.6912,593.0,525.0,750,68,32.0,100.0,100,68,68,21,47,68
779,7472602_4021-5044,0,0.9495,500.0,401.0,750,99,0.0,100.0,100,100,99,5,94,100
780,7273893_1870-2897,0,0.0,,,0,0,,,0,0,0,0,0,0
781,7439965_9951-11051,0,0.0,,,0,0,,,0,0,0,0,0,0
782,7498978_26649-27768,0,0.98,680.0,576.0,750,104,0.0,100.0,100,100,100,2,98,104
783,7425786_120053-121075,0,0.9615,750.0,724.0,750,26,74.0,100.0,100,26,26,1,25,26
784,7476166_11834-12920,0,0.8421,744.0,702.0,750,42,62.0,100.0,100,38,38,6,32,42
785,7495134_211-1236,0,0.0,,,0,0,,,0,0,0,0,0,0
786,7353814_5686-6727,0,0.9479000000000001,635.0,539.0,750,96,0.0,96.0,100,96,96,5,91,96
787,7383624_929-1971,0,0.99,606.0,506.0,750,100,0.0,100.0,100,100,100,1,99,100
788,7504967_9000-10093,0,0.0,,,0,0,,,0,0,0,0,0,0
789,7502873_5705-6737,0,0.7966,622.0,563.0,750,59,34.0,99.0,100,65,59,12,47,65
790,7440325_8469-9559,0,0.8845999999999999,750.0,724.0,750,26,74.0,100.0,100,26,26,3,23,26
791,7318707_2819-3892,0,0.7879,588.0,688.0,750,100,0.0,100.0,100,100,99,21,78,101
792,7244646_27112-28246,0,0.9898,723.0,625.0,750,98,0.0,99.0,100,99,98,1,97,99
793,7389968_8623-9754,0,0.9184,571.0,469.0,750,102,0.0,98.0,100,98,98,8,90,102
794,7260403_349-1547,0,0.7451000000000001,750.0,699.0,750,51,49.0,100.0,100,51,51,13,38,51
795,7315417_973-2112,0,0.98,714.0,614.0,750,100,0.0,100.0,100,100,100,2,98,100
796,7473378_11191-12233,0,0.9176000000000001,750.0,659.0,750,91,13.0,99.0,100,86,85,7,78,92
797,7252845_243-1549,0,0.9518000000000001,545.0,460.0,750,85,17.0,100.0,100,83,83,4,79,85
798,7481210_8350-9380,0,0.8229000000000001,335.0,239.0,750,96,0.0,96.0,100,96,96,17,79,96
799,7473983_4570-5763,0,0.97,728.0,624.0,750,104,0.0,100.0,100,100,100,3,97,104
800,7502684_18067-19108,0,0.7755,574.0,525.0,750,49,51.0,100.0,100,49,49,11,38,49
801,7446540_770-1835,0,1.0,750.0,723.0,750,27,73.0,100.0,100,27,27,0,27,27
802,7500141_3097-4133,0,0.0,,,0,0,,,0,0,0,0,0,0
803,7479174_512-1562,0,1.0,343.0,242.0,750,101,0.0,100.0,100,100,100,0,100,101
804,7502919_19677-20727,0,0.9444,660.0,624.0,750,36,64.0,100.0,100,36,36,2,34,36
805,7410635_25719-26757,0,0.99,685.0,585.0,750,100,0.0,100.0,100,100,100,1,99,100
806,7389757_5470-6518,0,0.8367,750.0,701.0,750,49,51.0,100.0,100,49,49,8,41,49
807,7291318_4739-5807,0,0.0,,,0,0,,,0,0,0,0,0,0
808,7492159_59510-60560,0,1.0,638.0,539.0,750,99,0.0,100.0,100,100,99,0,99,100
809,7373117_24257-25326,0,0.7037,750.0,669.0,750,81,19.0,100.0,100,81,81,24,57,81
810,7385271_3392-4472,0,0.0,,,0,0,,,0,0,0,0,0,0
811,7494144_17052-18172,0,0.8265,692.0,586.0,750,106,0.0,100.0,100,100,98,17,81,108
812,7320781_815-1886,0,0.0,,,0,0,,,0,0,0,0,0,0
813,7324572_652-1712,0,0.8056,389.0,316.0,750,73,3.0,75.0,100,72,72,14,58,73
814,7492973_12363-13407,0,0.0,,,0,0,,,0,0,0,0,0,0
815,7506745_4181-5208,0,0.96,619.0,518.0,750,101,0.0,100.0,100,100,100,4,96,101
816,7480767_6940-7985,0,0.0,,,0,0,,,0,0,0,0,0,0
817,7305634_774-1824,0,0.0,,,0,0,,,0,0,0,0,0,0
818,7268295_7389-8470,0,0.0,,,0,0,,,0,0,0,0,0,0
819,7505282_8650-9730,0,0.8809999999999999,657.0,610.0,750,47,58.0,100.0,100,42,42,5,37,47
820,7482873_28102-29152,0,0.8878,726.0,607.0,750,119,0.0,100.0,100,100,98,11,87,121
821,7469071_4411-5518,0,0.8673000000000001,672.0,574.0,750,98,0.0,99.0,100,99,98,13,85,99
822,7479111_10120-11145,0,0.9062,539.0,507.0,750,32,68.0,100.0,100,32,32,3,29,32
823,7261771_20465-21535,0,0.9479000000000001,730.0,634.0,750,96,0.0,96.0,100,96,96,5,91,96
824,7426431_3172-4198,0,0.6923,675.0,584.0,750,91,7.0,100.0,100,93,91,28,63,93
825,7412139_8642-9707,0,1.0,654.0,555.0,750,99,0.0,100.0,100,100,99,0,99,100
826,7257742_4375-5523,0,0.0,,,0,0,,,0,0,0,0,0,0
827,7295326_240-1281,0,0.0,,,0,0,,,0,0,0,0,0,0
828,7436934_20289-21389,0,0.0,,,0,0,,,0,0,0,0,0,0
829,7458257_4955-6009,0,0.0,,,0,0,,,0,0,0,0,0,0
830,7506758_1374-2404,0,0.0,,,0,0,,,0,0,0,0,0,0
831,7319660_813-1861,0,0.9031999999999999,611.0,518.0,750,93,0.0,94.0,100,94,93,9,84,94
832,7503437_1334-2386,0,0.0,,,0,0,,,0,0,0,0,0,0
833,7428075_10978-12000,0,1.0,674.0,602.0,750,72,27.0,100.0,100,73,72,0,72,73
834,7489716_10024-11046,0,0.0,,,0,0,,,0,0,0,0,0,0
835,7401759_18976-20048,0,0.0,,,0,0,,,0,0,0,0,0,0
836,7506529_12535-13631,0,0.0,,,0,0,,,0,0,0,0,0,0
837,7484878_39708-40744,0,0.0,,,0,0,,,0,0,0,0,0,0
838,7488400_12621-13726,0,1.0,744.0,642.0,750,102,0.0,100.0,100,100,100,0,100,102
839,7474830_4858-5977,0,1.0,721.0,622.0,750,99,0.0,99.0,100,99,99,0,99,99
840,7425878_8023-9084,0,0.6552,553.0,463.0,750,90,2.0,90.0,100,88,87,30,57,91
841,7465386_198-1222,0,1.0,611.0,511.0,750,100,0.0,100.0,100,100,100,0,100,100
842,7490419_23039-24115,0,0.0,,,0,0,,,0,0,0,0,0,0
843,7490471_6962-8012,0,0.7948999999999999,750.0,711.0,750,39,61.0,100.0,100,39,39,8,31,39
844,7472997_35620-36660,0,0.99,684.0,584.0,750,100,0.0,100.0,100,100,100,1,99,100
845,7419651_4704-5787,0,0.9643,589.0,561.0,750,28,72.0,100.0,100,28,28,1,27,28
846,7389867_2836-3885,0,0.0,,,0,0,,,0,0,0,0,0,0
847,7253241_5719-6740,0,0.0,,,0,0,,,0,0,0,0,0,0
848,7465327_4165-5208,0,0.0,,,0,0,,,0,0,0,0,0,0
849,7492088_11139-12189,0,0.99,611.0,511.0,750,100,0.0,100.0,100,100,100,1,99,100
